feature,anova_f,anova_p,mutual_info,random_forest,anova_rank,mi_rank,rf_rank,mean_rank
temperature_c__lag_1,41913816.58551663,0.0,3.973662896229956,0.9966903400277469,1.0,2.0,1.0,1.3333333333333333
temperature_c__lag_5,21939573.942875013,0.0,3.664735456174891,0.002656445970587578,2.0,4.0,2.0,2.6666666666666665
temperature_c_rms_30,8005946.934230895,0.0,3.4395445358837184,2.1362778454586623e-05,3.0,5.0,5.0,4.333333333333333
heat_index_proxy,245860.08488247122,0.0,4.288521136452479,0.0002650858236904922,11.0,1.0,4.0,5.333333333333333
temperature_c__roll_mean_15m,3840649.049858178,0.0,3.2713234970944045,9.296791866452913e-06,5.0,8.0,6.0,6.333333333333333
temperature_c_rms_60,2236131.362069774,0.0,3.1573326382515443,7.392653849100809e-06,6.0,9.0,7.0,7.333333333333333
temperature_c_rms_90,1022134.0298210344,0.0,3.0135825374469505,5.468858872915413e-06,7.0,12.0,8.0,9.0
temperature_c_rms_120,583066.4086067427,0.0,2.912083626827301,2.76433716086465e-06,8.0,16.0,10.0,11.333333333333334
temperature_c__lag_15,6477391.550010487,0.0,3.2830494837287336,5.560503332782921e-07,4.0,7.0,27.0,12.666666666666666
temperature_c_rms_180,263676.86682813213,0.0,2.7529088050127655,1.2281710153365128e-06,9.0,24.0,13.0,15.333333333333334
temperature_c__roll_mean_60m,262355.0546532216,0.0,2.7534426843356377,9.713621657494175e-07,10.0,23.0,16.0,16.333333333333332
temperature_c_rms_240,149955.29372230268,0.0,2.6404342645623453,1.3672529633839348e-06,12.0,27.0,12.0,17.0
solar_raw__roll_mean_360m,36432.129868091506,0.0,2.3495836873821077,6.603321669906863e-07,14.0,32.0,22.0,22.666666666666668
humidity_percent_rms_90,10151.12278569595,0.0,2.8970010724757254,4.783046282520407e-07,28.0,17.0,32.0,25.666666666666668
light_raw_rms_240,14306.499638410649,0.0,2.145572154930587,8.536069104305391e-07,19.0,43.0,17.0,26.333333333333332
light_raw__roll_std_360m,11880.77277474093,0.0,2.3367379702454363,6.325806635418032e-07,22.0,34.0,24.0,26.666666666666668
solar_raw__roll_std_360m,11663.1302100725,0.0,2.3410402440971056,5.921130710754856e-07,23.0,33.0,26.0,27.333333333333332
humidity_percent__roll_mean_15m,9980.322147938003,0.0,2.847013818792817,3.6801711764655465e-07,32.0,21.0,40.0,31.0
humidity_percent_rms_60,10052.347924302034,0.0,2.873896068464414,3.490462863337176e-07,31.0,19.0,45.0,31.666666666666668
humidity_percent_rms_240,9814.666250152173,0.0,2.9457797690461582,3.379027559547011e-07,36.0,13.0,48.0,32.333333333333336
humidity_percent_rms_30,9892.504763722858,0.0,2.819514957641683,3.3713596722604143e-07,34.0,22.0,49.0,35.0
light_raw_rms_180,11653.012683477933,0.0,2.0421232451918083,3.518042142943378e-07,24.0,46.0,44.0,38.0
humidity_percent,9679.713913678303,0.0,2.312207338167107,3.9518816939337693e-07,40.0,36.0,39.0,38.333333333333336
light_raw__roll_mean_360m,30677.581299669848,0.0,2.355579042536415,2.1930922575482993e-07,16.0,31.0,74.0,40.333333333333336
humidity_percent_rms_180,10096.37358875986,0.0,2.935922296941569,2.0384534459679688e-07,30.0,14.0,79.0,41.0
temperature_c__roll_std_360m,2736.4931935779705,0.0,2.0831300311699392,1.0077285407237565e-06,65.0,44.0,15.0,41.333333333333336
humidity_percent__roll_mean_60m,10096.687264661836,0.0,2.9350881948070713,1.978231719945012e-07,29.0,15.0,82.0,42.0
solar_raw_rms_240,13788.045108715462,0.0,2.0589116296385956,2.3863160731626905e-07,20.0,45.0,63.0,42.666666666666664
humidity_percent__roll_std_360m,6091.996248377989,0.0,2.1762003167520287,4.1994639322638797e-07,51.0,42.0,37.0,43.333333333333336
humidity_percent_rms_120,10189.57277696055,0.0,2.8946154086248637,1.7051339702649966e-07,27.0,18.0,90.0,45.0
hour_cos,31908.60625119247,0.0,2.0133618359769434,2.0529114066534566e-07,15.0,47.0,78.0,46.666666666666664
temperature_c__roll_mean_360m,6928.707673997105,0.0,2.2361558864409448,2.6768986631676917e-07,47.0,38.0,56.0,47.0
light_raw__cv_1h,9775.963915285942,0.0,1.5691014032488235,3.664288057982889e-07,37.0,66.0,41.0,48.0
light_raw__roll_mean_60m,12151.33201600266,0.0,1.994358287917163,2.032315486149837e-07,21.0,48.0,80.0,49.666666666666664
solar_raw__cv_1h,9876.934801492724,0.0,1.5230274322719994,3.086934746994608e-07,35.0,69.0,51.0,51.666666666666664
solar_raw_rms_120,8554.97211394102,0.0,1.8397338630357636,2.634238904736584e-07,42.0,58.0,57.0,52.333333333333336
solar_raw_rms_180,10998.850485389623,0.0,1.9587315104619556,1.923865954719997e-07,26.0,51.0,83.0,53.333333333333336
humidity_percent__lag_1,9695.342666704491,0.0,2.2465889690045313,1.8667789933079138e-07,39.0,37.0,85.0,53.666666666666664
light_raw_rms_90,8162.099404639277,0.0,1.7839442207629128,2.473360105226484e-07,43.0,60.0,61.0,54.666666666666664
humidity_percent__cv_1h,1365.267516018799,6.215749835812764e-287,1.50032467438451,8.222946313779711e-07,78.0,70.0,18.0,55.333333333333336
solar_raw__roll_mean_60m,11566.305747201242,0.0,1.936435998707875,1.8471868806089932e-07,25.0,54.0,87.0,55.333333333333336
humidity_percent__lag_15,9901.836258591811,0.0,2.181575589160035,1.512961307463805e-07,33.0,41.0,96.0,56.666666666666664
humidity_percent__roll_mean_360m,3217.625515052955,0.0,2.7087234283421253,2.001257454704091e-07,64.0,26.0,81.0,57.0
light_raw_rms_120,9258.585614437743,0.0,1.8848392277525008,2.1922624930400543e-07,41.0,56.0,75.0,57.333333333333336
solar_raw_rms_90,7460.341574909626,0.0,1.7190214557830883,2.293088542754719e-07,44.0,61.0,69.0,58.0
solar_raw_rms_60,6439.671119735544,0.0,1.5944506187114111,2.415658876916669e-07,49.0,64.0,62.0,58.333333333333336
humidity_percent__roll_std_60m,1235.2118693374207,8.787327596127814e-261,1.4980589635987203,6.543628343029805e-07,81.0,71.0,23.0,58.333333333333336
light_raw_rms_30,6118.032462372654,0.0,1.4795352166722608,2.686057061743782e-07,50.0,72.0,55.0,59.0
light_raw_rms_60,7122.564535232408,0.0,1.652566096392122,2.2803320957511314e-07,46.0,62.0,70.0,59.333333333333336
battery_v__roll_std_360m,241.9482472942103,3.665590403551754e-54,2.230916671466664,6.759825599237481e-07,121.0,39.0,21.0,60.333333333333336
solar_raw__skew_1h,2197.5767004760323,0.0,1.092946713112358,5.189384549438291e-07,69.0,82.0,30.0,60.333333333333336
humidity_percent__lag_5,9758.4636072547,0.0,2.1959462466889033,1.2149112785433172e-07,38.0,40.0,104.0,60.666666666666664
light_raw__roll_std_60m,1983.3024726830715,0.0,1.8848692157263836,2.575663254256735e-07,70.0,55.0,58.0,61.0
light_raw_iqr_180,1286.1423875094292,4.782807857622303e-271,1.0692891486183358,5.282986268432732e-07,79.0,84.0,29.0,64.0
solar_raw_rms_30,5477.879767262805,0.0,1.3919541306876688,2.3300804257397031e-07,54.0,74.0,67.0,65.0
light_raw__skew_1h,2657.042655645439,0.0,1.0622185039052123,3.4635254858828493e-07,66.0,85.0,46.0,65.66666666666667
light_raw__roll_std_15m,1727.7470750813775,0.0,1.0718368663210018,3.612785726471749e-07,72.0,83.0,42.0,65.66666666666667
solar_raw__roll_mean_15m,5967.463516019641,0.0,1.4380813109904027,2.2145488080492687e-07,53.0,73.0,71.0,65.66666666666667
humidity_percent__roll_range_360m,7343.895431270945,0.0,2.3357002901542545,8.340337618560982e-08,45.0,35.0,118.0,66.0
temperature_c__skew_1h,1394.0577586977092,1.0745300452249882e-292,0.6436905873788845,2.376258486570447e-06,77.0,112.0,11.0,66.66666666666667
light_raw__roll_mean_15m,6569.906961689598,0.0,1.5297105425126158,1.8603096171020038e-07,48.0,67.0,86.0,67.0
temperature_c__cv_1h,479.14318549633833,1.0996734299772402e-104,1.3371399430759006,5.40443267600983e-07,102.0,75.0,28.0,68.33333333333333
light_raw__lag_5,5422.017681604442,0.0,1.028025315652418,2.3552145602751546e-07,55.0,89.0,65.0,69.66666666666667
temperature_c__roll_std_60m,601.2590019638626,2.176036178377976e-130,1.3203172862920205,4.352186997079246e-07,99.0,76.0,35.0,70.0
light_raw__lag_1,5200.153965180359,0.0,1.0295060811913936,2.3048911576419616e-07,57.0,88.0,68.0,71.0
solar_raw__roll_std_60m,865.5664326896624,2.3382211273967206e-185,1.606910435760403,2.5607967130514947e-07,91.0,63.0,59.0,71.0
humidity_percent__skew_1h,1095.6760197177302,1.667513377074456e-232,0.616588832604295,7.252273782948474e-07,84.0,117.0,19.0,73.33333333333333
light_raw__roll_range_360m,17356.9782920832,0.0,1.5771588523566633,3.139199265473783e-08,17.0,65.0,138.0,73.33333333333333
solar_efficiency,4847.0760559534365,0.0,0.7016498604165062,2.8174071855017727e-07,59.0,109.0,52.0,73.33333333333333
solar_raw__roll_std_15m,615.6283089055324,2.1191006551085848e-133,0.8460004859043009,6.153624819050276e-07,98.0,100.0,25.0,74.33333333333333
battery_v__roll_mean_360m,221.15361711502672,1.0831002692036136e-49,3.7767890207479784,1.397800489262622e-07,123.0,3.0,100.0,75.33333333333333
hour_sin,662.3722316124445,3.5335893814162963e-143,1.8091356158834841,2.203826431691807e-07,96.0,59.0,73.0,76.0
light_raw__lag_15,5986.2295546308815,0.0,1.046787502541374,1.6476009684381192e-07,52.0,86.0,91.0,76.33333333333333
humidity_percent_iqr_240,1808.1875992757793,0.0,1.03915147986304,2.2088071823240836e-07,71.0,87.0,72.0,76.66666666666667
temperature_c__roll_range_360m,2389.2516751017984,0.0,1.869495871003894,1.1735166931822633e-07,67.0,57.0,107.0,77.0
solar_raw__kurt_1h,190.25744948431668,4.908765805014071e-43,1.1377506448777366,4.861937534140588e-07,124.0,80.0,31.0,78.33333333333333
battery_v_rms_240,257.2858097496371,1.8683722234971925e-57,3.298029389674385,1.0033692684299074e-07,120.0,6.0,113.0,79.66666666666667
humidity_percent__kurt_1h,354.13669086040164,3.6720039945665096e-78,0.6255003973595317,7.020234642209221e-07,104.0,115.0,20.0,79.66666666666667
battery_v__roll_mean_60m,257.89033468390153,1.3859982989961785e-57,3.1089857316786613,8.577497152767314e-08,113.0,10.0,117.0,80.0
solar_raw,4553.908023188186,0.0,0.7865063096872884,2.14090072736305e-07,62.0,104.0,77.0,81.0
solar_raw__roll_range_360m,16054.344790341333,0.0,1.1363030782534143,2.094466074100913e-08,18.0,81.0,145.0,81.33333333333333
battery_v_rms_180,257.89958480015196,1.3796792507617387e-57,3.1079279804633972,7.763333909115615e-08,112.0,11.0,123.0,82.0
solar_raw__lag_5,4812.760478417926,0.0,0.7931319364737455,1.910897710506975e-07,60.0,102.0,84.0,82.0
light_raw,5137.129528901737,0.0,1.0238323821485884,1.2291059208562392e-07,58.0,90.0,103.0,83.66666666666667
solar_raw__lag_15,5361.885832672816,0.0,0.8097653583861821,1.5219031440430284e-07,56.0,101.0,95.0,84.0
light_raw__kurt_1h,56.28834050431426,6.584919931671049e-14,1.140784505122201,3.1775506198838404e-07,128.0,79.0,50.0,85.66666666666667
solar_raw__lag_1,4607.874637496331,0.0,0.7858003634972404,1.5720714035047303e-07,61.0,105.0,92.0,86.0
battery_v_rms_120,258.11754282240526,1.238844437761384e-57,2.8599609029541417,4.954998022014057e-08,108.0,20.0,131.0,86.33333333333333
light_raw__roll_range_60m,3247.203192557905,0.0,1.5282130816394575,5.018690408683215e-08,63.0,68.0,130.0,87.0
humidity_percent__roll_std_15m,238.21377785751187,2.3251719841042035e-53,0.7526608370929893,4.7376614554229805e-07,122.0,107.0,33.0,87.33333333333333
humidity_percent__roll_range_60m,1398.5266690952828,1.372899584885827e-293,1.3166618343615628,1.0866012535146238e-07,76.0,77.0,110.0,87.66666666666667
battery_v_rms_90,258.07099141351813,1.2676635034993584e-57,2.711423138173059,4.84765128466479e-08,109.0,25.0,132.0,88.66666666666667
light_raw_iqr_240,1399.535890838178,8.627242176277183e-294,1.1726193096246753,8.020601634776408e-08,75.0,78.0,121.0,91.33333333333333
battery_v_rms_60,257.9140241954076,1.3698727874626788e-57,2.54128044753655,3.2668056914763644e-08,111.0,28.0,137.0,92.0
light_raw__roll_range_15m,2285.2387428440516,0.0,0.9330727450303731,9.528789623688248e-08,68.0,94.0,116.0,92.66666666666667
battery_v__roll_mean_15m,257.8289449404515,1.4286754532486157e-57,2.4577208190922275,3.655978998036023e-08,114.0,29.0,135.0,92.66666666666667
temperature_c_iqr_240,1015.9477779779634,3.0506129888827186e-216,0.9058766913769896,1.4979972504000654e-07,88.0,95.0,97.0,93.33333333333333
humidity_percent_iqr_180,1195.5230336530906,9.196724485090258e-253,0.8597734850045504,1.3489277591989686e-07,82.0,98.0,101.0,93.66666666666667
temperature_c__kurt_1h,2.124103345385943,0.14501712404409273,0.4863403140368492,1.0194020691133255e-06,142.0,126.0,14.0,94.0
battery_v_rms_30,257.779371201945,1.4640956295344252e-57,2.3645485692002053,2.7193100788225418e-08,115.0,30.0,139.0,94.66666666666667
temperature_c__delta1,0.9403571016748146,0.3322005939203906,0.19235181437532756,0.0002998954805896661,144.0,140.0,3.0,95.66666666666667
is_daytime,45404.21358505782,0.0,0.5652636045378125,2.382688623205356e-09,13.0,120.0,157.0,96.66666666666667
light_raw_iqr_90,1166.8557395136884,5.860357342285422e-247,0.8750183022035034,9.742103529037946e-08,83.0,96.0,114.0,97.66666666666667
battery_v__skew_1h,15.031603526028604,0.00010614574645247852,0.4321222839367005,4.65915342524331e-07,133.0,129.0,34.0,98.66666666666667
light_raw_iqr_120,1243.1656683253916,2.182211905113745e-262,0.9889618654854444,6.793579971454869e-08,80.0,91.0,126.0,99.0
temperature_c__roll_std_15m,4.20600982068427,0.040297140859980304,0.5363211885954238,4.034387034262594e-07,140.0,123.0,38.0,100.33333333333333
temperature_c__roll_range_60m,514.6011989736671,3.6079976296781816e-112,0.950942109290354,1.1643902842948552e-07,101.0,92.0,108.0,100.33333333333333
battery_v__cv_1h,14.228644672178726,0.00016246720975347502,0.5713841475101487,3.396453208336722e-07,135.0,119.0,47.0,100.33333333333333
solar_raw__roll_range_60m,1484.3523920438888,1.0493197157199e-310,0.9465001570625766,3.620030441894391e-08,73.0,93.0,136.0,100.66666666666667
temperature_c__delta2,0.5278033765403874,0.4675423981948206,0.10974328792315102,3.049251437378378e-06,146.0,149.0,9.0,101.33333333333333
humidity_percent__roll_range_15m,351.2508613547643,1.5130159057536324e-77,0.698909934435934,1.7265183071353774e-07,105.0,110.0,89.0,101.33333333333333
light_raw_iqr_60,1058.6570057223068,5.799113019015197e-225,0.7335228328084917,9.593481105246367e-08,86.0,108.0,115.0,103.0
battery_v,257.62439737788924,1.580588289906421e-57,1.9624526586559248,2.1455449197585387e-08,118.0,49.0,143.0,103.33333333333333
battery_v__lag_1,257.68614817481983,1.5330990214738749e-57,1.9591816224937268,1.900296440772102e-08,116.0,50.0,149.0,105.0
humidity_percent_iqr_120,673.0650610785355,2.0675916343045075e-145,0.6860913882715951,1.1500598994299175e-07,95.0,111.0,109.0,105.0
humidity_percent__delta1,9.447993254582983,0.0021173384677740563,0.16397160387828125,4.211595589876138e-07,137.0,143.0,36.0,105.33333333333333
temperature_c_iqr_180,589.5203936496199,6.307421530750693e-128,0.7797240264435339,1.0619305938847224e-07,100.0,106.0,111.0,105.66666666666667
battery_v__lag_5,257.55207871173167,1.6380785194169292e-57,1.9586011778863628,1.947645738780686e-08,119.0,52.0,148.0,106.33333333333333
light_raw_iqr_30,1062.12198510585,1.139715247498802e-225,0.5410512775045855,1.0555166500619924e-07,85.0,122.0,112.0,106.33333333333333
solar_raw_iqr_240,1030.080961956647,3.944670753087283e-219,0.8522302301522036,4.39263123632739e-08,87.0,99.0,133.0,106.33333333333333
battery_v__lag_15,257.6676067028643,1.5472063841509362e-57,1.9548423974732119,1.8460170153800605e-08,117.0,53.0,150.0,106.66666666666667
solar_raw_iqr_180,902.1342262551176,6.810349405700205e-193,0.7868983045994353,5.202491889394877e-08,89.0,103.0,129.0,107.0
battery_v__kurt_1h,29.335195329759685,6.175358712963291e-08,0.3324844412343593,2.4876817663283385e-07,131.0,133.0,60.0,108.0
solar_raw_iqr_120,864.5275511270122,3.8301503353896794e-185,0.6403756111522889,8.271234377798033e-08,92.0,113.0,120.0,108.33333333333333
temperature_c_iqr_120,271.286318707288,1.858548758877323e-60,0.6235709540278385,1.310085032590857e-07,107.0,116.0,102.0,108.33333333333333
humidity_percent_iqr_90,445.89307722627575,1.1880894206119628e-97,0.5809350860769364,1.1845354991764548e-07,103.0,118.0,105.0,108.66666666666667
hour_bin,1412.8878246819554,1.85189442522351e-296,0.8735158077912522,4.6664894615257575e-09,74.0,97.0,156.0,109.0
battery_v__roll_std_60m,39.333089546100545,3.664536342904424e-10,0.3442124566244984,2.3501417233435747e-07,130.0,132.0,66.0,109.33333333333333
solar_raw_iqr_90,887.3108135763606,7.689699697980354e-190,0.5603347296037966,6.839744077804924e-08,90.0,121.0,125.0,112.0
solar_raw__roll_range_15m,629.0716354236481,3.2445177882922713e-136,0.5345348169340509,8.331211687491691e-08,97.0,124.0,119.0,113.33333333333333
humidity_percent_iqr_60,257.947829786814,1.3471856382567828e-57,0.46813566704159726,1.1813920239644195e-07,110.0,128.0,106.0,114.66666666666667
humidity_percent__delta2,0.047094152176914775,0.8282018444059525,0.08643664505103077,3.5382792255862095e-07,152.0,151.0,43.0,115.33333333333333
solar_raw_iqr_60,808.516630545238,1.4410899151258581e-173,0.4801830183171285,5.6865347369086283e-08,93.0,127.0,128.0,116.0
humidity_percent_iqr_30,102.34484985936746,5.502955098049192e-24,0.32295578632395605,1.7661150271384044e-07,126.0,134.0,88.0,116.0
temperature_c_iqr_90,151.13692126145915,1.3983848391568923e-34,0.5131588100642692,1.4589031395284175e-07,125.0,125.0,99.0,116.33333333333333
light_raw__delta2,0.8095566529878699,0.3682648209296143,0.10512474293480834,2.704246898592827e-07,145.0,150.0,54.0,116.33333333333333
light_raw__delta1,21.71363243416747,3.1906995944425686e-06,0.17553568952242138,2.1590268297142795e-07,132.0,141.0,76.0,116.33333333333333
solar_raw_iqr_30,685.1024795649107,6.36381707655149e-148,0.31574774779320425,7.829065464831191e-08,94.0,135.0,122.0,117.0
solar_raw__delta1,3.3454209192977356,0.06741073430838354,0.12230543363282065,2.3778337249687935e-07,141.0,147.0,64.0,117.33333333333333
temperature_c_iqr_60,52.13664956244108,5.408411920020879e-13,0.37662868772709057,1.467932994466832e-07,129.0,131.0,98.0,119.33333333333333
solar_raw__delta2,0.027772298221819158,0.8676473642422586,0.0694999822977711,2.80275981763164e-07,153.0,154.0,53.0,120.0
battery_v__roll_range_360m,341.1032215055805,2.2037980070765045e-75,0.6395948834931202,2.1345742220946882e-08,106.0,114.0,144.0,121.33333333333333
temperature_c_iqr_30,4.994716039558089,0.02543849231110269,0.2538051560573975,1.5293177683384527e-07,139.0,137.0,94.0,123.33333333333333
temperature_c__roll_range_15m,0.3601073159560789,0.5484550899947007,0.42064432394180074,1.5436612526552873e-07,148.0,130.0,93.0,123.66666666666667
battery_v__roll_std_15m,9.024149433785363,0.002668456783459616,0.17348581750938985,7.698164586127638e-08,138.0,142.0,124.0,134.66666666666666
day_of_week,59.52823918517304,1.2758999893232166e-14,0.279206039658181,1.4272690258615024e-08,127.0,136.0,153.0,138.66666666666666
battery_v_iqr_240,2.059368386518783,0.15129229381116524,0.1927055110276903,4.064465158566242e-08,143.0,139.0,134.0,138.66666666666666
battery_v_iqr_90,0.33058365011111907,0.565323652974776,0.11620000965152544,6.193832633747119e-08,149.0,148.0,127.0,141.33333333333334
battery_v__roll_range_60m,14.27050382285467,0.0001588967590943203,0.23211086704430972,1.0333259607897043e-08,134.0,138.0,155.0,142.33333333333334
battery_v__roll_range_15m,13.342425373158507,0.0002602920030600401,0.12544014098437972,1.5306914993031267e-08,136.0,146.0,152.0,144.66666666666666
battery_v_iqr_180,0.3286942967084354,0.5664369572972434,0.15895937864706755,2.067370543013254e-08,150.0,144.0,146.0,146.66666666666666
battery_v_iqr_60,0.45349131643914947,0.50069130013276,0.08520218119056366,2.1777268429366348e-08,147.0,152.0,142.0,147.0
battery_v_iqr_120,0.07453982894269598,0.7848414734138189,0.13254487164288142,1.56614617937605e-08,151.0,145.0,151.0,149.0
battery_drain_rate,0.00704530631821337,0.9331081038316913,0.0369936574578178,2.3998430837584125e-08,155.0,156.0,140.0,150.33333333333334
battery_v__delta2,0.0007735051183183441,0.9778124717974392,0.029389385069248597,2.304608847137876e-08,157.0,157.0,141.0,151.66666666666666
battery_v_iqr_30,0.002254494613566334,0.9621300488543186,0.07073025764410135,2.0267058701694866e-08,156.0,153.0,147.0,152.0
battery_v__delta1,0.00788949786318241,0.9292238066396231,0.04015789106214496,1.4265055888816604e-08,154.0,155.0,154.0,154.33333333333334
